{
  "pr_auc": 0.6696725732185227,
  "roc_auc": 0.9376611421202105,
  "f1": 0.4024723641982646,
  "avg_precision": 0.6696725732185227,
  "precision_at_90_recall": 0.12832314350484303,
  "recall_at_0.5": 0.8159036144578313,
  "precision_at_0.5": 0.26711896497317766
}