{
  "pr_auc": 0.6696629341619124,
  "roc_auc": 0.9373460736009906,
  "f1": 0.3986781541366694,
  "avg_precision": 0.6696629341619124,
  "precision_at_90_recall": 0.13467916366258112,
  "recall_at_0.5": 0.8139759036144578,
  "precision_at_0.5": 0.263988746483276
}