{
  "pr_auc": 0.11657056840027959,
  "roc_auc": 0.7333766636069894,
  "f1": 0.1469753358985681,
  "avg_precision": 0.11657056840027959,
  "precision_at_90_recall": 0.04705763804917372,
  "recall_at_0.5": 0.5614457831325301,
  "precision_at_0.5": 0.08455508782116418
}