{
  "pr_auc": 0.035754216784019216,
  "roc_auc": 0.5119941250813815,
  "f1": 0.0684103942957303,
  "avg_precision": 0.035754216784019216,
  "precision_at_90_recall": 0.03545723962743438,
  "recall_at_0.5": 0.9686746987951808,
  "precision_at_0.5": 0.03545723962743438
}