{
  "pr_auc": 0.03516303437038354,
  "roc_auc": 0.4994135019517866,
  "f1": 0.06812875960670041,
  "avg_precision": 0.03516303437038354,
  "precision_at_90_recall": 0.03531302996042962,
  "recall_at_0.5": 0.9633734939759037,
  "precision_at_0.5": 0.03531302996042962
}