{
  "pr_auc": 0.14886063739267522,
  "roc_auc": 0.7643629390409529,
  "f1": 0.14687246141348498,
  "avg_precision": 0.14886063739267522,
  "precision_at_90_recall": 0.05024206562668101,
  "recall_at_0.5": 0.6534939759036145,
  "precision_at_0.5": 0.08273337400854179
}