{
  "pr_auc": 0.6785692121240454,
  "roc_auc": 0.9412552500318759,
  "f1": 0.42270501067436894,
  "avg_precision": 0.6785692121240454,
  "precision_at_90_recall": 0.14691309476995673,
  "recall_at_0.5": 0.8110843373493976,
  "precision_at_0.5": 0.285835597826087
}