{
  "pr_auc": 0.036449096505754314,
  "roc_auc": 0.5183569131472449,
  "f1": 0.0701041495067084,
  "avg_precision": 0.036449096505754314,
  "precision_at_90_recall": 0.036435937440541875,
  "recall_at_0.5": 0.9228915662650602,
  "precision_at_0.5": 0.036435937440541875
}