{
  "pr_auc": 0.6817726291392575,
  "roc_auc": 0.9411642336206301,
  "f1": 0.4244178728760227,
  "avg_precision": 0.6817726291392575,
  "precision_at_90_recall": 0.13906052259361273,
  "recall_at_0.5": 0.8125301204819277,
  "precision_at_0.5": 0.28722316865417374
}