{
  "pr_auc": 0.12056539730275148,
  "roc_auc": 0.7306072645237931,
  "f1": 0.14853037230568256,
  "avg_precision": 0.12056539730275148,
  "precision_at_90_recall": 0.04566232369405265,
  "recall_at_0.5": 0.5479518072289157,
  "precision_at_0.5": 0.08590857574612769
}