{
  "pr_auc": 0.15630264361092658,
  "roc_auc": 0.7632909186369021,
  "f1": 0.15052655677655677,
  "avg_precision": 0.15630264361092658,
  "precision_at_90_recall": 0.049064929607060305,
  "recall_at_0.5": 0.6337349397590362,
  "precision_at_0.5": 0.08540624797038385
}